Source,Dest
154.11.15.28,179.0.156.33
2001:56b:2:21::3,2001:13c7:7001:500::33
45.65.244.1,179.0.156.33
2803:4dc0:50::1,2001:13c7:7001:500::33
103.200.115.1,179.0.156.33
2800:a0:401:c828:a2ca:2000::ca,2001:13c7:7001:500::33
2401:d9c0::1,2001:13c7:7001:500::33
2803:3b80:1ee3:1000::1,2001:13c7:7001:500::33
200.40.162.202,179.0.156.33
168.195.130.2,179.0.156.33
2001:13c7:7001:4032::35,2001:13c7:7001:500::33
2605:52c0:2:ffff::5:4574,2001:13c7:7001:500::33
200.7.84.35,179.0.156.33
45.183.45.1,179.0.156.33
2.56.184.254,179.0.156.33
